ï»¿"LOCATION","INDICATOR","SUBJECT","MEASURE","FREQUENCY","TIME","Value","Flag Codes"
"AUS","GDPHRWKD","TOT","IDX2010","A","2001",90.906763,
"AUS","GDPHRWKD","TOT","IDX2010","A","2002",92.171938,
"AUS","GDPHRWKD","TOT","IDX2010","A","2003",94.156918,
"AUS","GDPHRWKD","TOT","IDX2010","A","2004",93.886964,
"AUS","GDPHRWKD","TOT","IDX2010","A","2005",94.272838,
"AUS","GDPHRWKD","TOT","IDX2010","A","2006",94.818606,
"AUS","GDPHRWKD","TOT","IDX2010","A","2007",95.965075,
"AUS","GDPHRWKD","TOT","IDX2010","A","2008",99.338633,
"AUS","GDPHRWKD","TOT","IDX2010","A","2009",98.378273,
"AUS","GDPHRWKD","TOT","IDX2010","A","2010",100,
"AUS","GDPHRWKD","TOT","IDX2010","A","2011",101.117445,
"AUS","GDPHRWKD","TOT","IDX2010","A","2012",103.525614,
"AUS","GDPHRWKD","TOT","IDX2010","A","2013",105.229569,
"AUS","GDPHRWKD","TOT","IDX2010","A","2014",105.835207,
"AUS","GDPHRWKD","TOT","IDX2010","A","2015",108.649396,
"AUS","GDPHRWKD","TOT","IDX2010","A","2016",108.449817,
"AUS","GDPHRWKD","TOT","IDX2010","A","2017",109.716072,
"AUT","GDPHRWKD","TOT","IDX2010","A","2001",87.911811,
"AUT","GDPHRWKD","TOT","IDX2010","A","2002",89.578389,
"AUT","GDPHRWKD","TOT","IDX2010","A","2003",90.28485,
"AUT","GDPHRWKD","TOT","IDX2010","A","2004",92.04853,
"AUT","GDPHRWKD","TOT","IDX2010","A","2005",94.266676,
"AUT","GDPHRWKD","TOT","IDX2010","A","2006",96.772866,
"AUT","GDPHRWKD","TOT","IDX2010","A","2007",99.20132,
"AUT","GDPHRWKD","TOT","IDX2010","A","2008",99.205786,
"AUT","GDPHRWKD","TOT","IDX2010","A","2009",98.509815,
"AUT","GDPHRWKD","TOT","IDX2010","A","2010",100,
"AUT","GDPHRWKD","TOT","IDX2010","A","2011",100.992252,
"AUT","GDPHRWKD","TOT","IDX2010","A","2012",102.090246,
"AUT","GDPHRWKD","TOT","IDX2010","A","2013",102.746971,
"AUT","GDPHRWKD","TOT","IDX2010","A","2014",103.115609,
"AUT","GDPHRWKD","TOT","IDX2010","A","2015",104.721929,
"AUT","GDPHRWKD","TOT","IDX2010","A","2016",104.680137,
"AUT","GDPHRWKD","TOT","IDX2010","A","2017",105.623084,
"AUT","GDPHRWKD","TOT","IDX2010","A","2018",106.727544,
"BEL","GDPHRWKD","TOT","IDX2010","A","2001",89.748613,
"BEL","GDPHRWKD","TOT","IDX2010","A","2002",91.847418,
"BEL","GDPHRWKD","TOT","IDX2010","A","2003",92.923539,
"BEL","GDPHRWKD","TOT","IDX2010","A","2004",95.65735,
"BEL","GDPHRWKD","TOT","IDX2010","A","2005",96.735278,
"BEL","GDPHRWKD","TOT","IDX2010","A","2006",97.635287,
"BEL","GDPHRWKD","TOT","IDX2010","A","2007",99.085201,
"BEL","GDPHRWKD","TOT","IDX2010","A","2008",98.506682,
"BEL","GDPHRWKD","TOT","IDX2010","A","2009",97.809538,
"BEL","GDPHRWKD","TOT","IDX2010","A","2010",100,
"BEL","GDPHRWKD","TOT","IDX2010","A","2011",99.535372,
"BEL","GDPHRWKD","TOT","IDX2010","A","2012",99.319659,
"BEL","GDPHRWKD","TOT","IDX2010","A","2013",99.967141,
"BEL","GDPHRWKD","TOT","IDX2010","A","2014",100.963597,
"BEL","GDPHRWKD","TOT","IDX2010","A","2015",102.347189,
"BEL","GDPHRWKD","TOT","IDX2010","A","2016",102.540515,
"BEL","GDPHRWKD","TOT","IDX2010","A","2017",102.75173,
"BEL","GDPHRWKD","TOT","IDX2010","A","2018",102.610366,
"CAN","GDPHRWKD","TOT","IDX2010","A","2001",92.585856,
"CAN","GDPHRWKD","TOT","IDX2010","A","2002",94.013395,
"CAN","GDPHRWKD","TOT","IDX2010","A","2003",94.077924,
"CAN","GDPHRWKD","TOT","IDX2010","A","2004",94.702022,
"CAN","GDPHRWKD","TOT","IDX2010","A","2005",96.95901,
"CAN","GDPHRWKD","TOT","IDX2010","A","2006",98.07215,
"CAN","GDPHRWKD","TOT","IDX2010","A","2007",98.235465,
"CAN","GDPHRWKD","TOT","IDX2010","A","2008",98.171905,
"CAN","GDPHRWKD","TOT","IDX2010","A","2009",98.901722,
"CAN","GDPHRWKD","TOT","IDX2010","A","2010",100,
"CAN","GDPHRWKD","TOT","IDX2010","A","2011",101.741587,
"CAN","GDPHRWKD","TOT","IDX2010","A","2012",101.643055,
"CAN","GDPHRWKD","TOT","IDX2010","A","2013",102.714544,
"CAN","GDPHRWKD","TOT","IDX2010","A","2014",105.311714,
"CAN","GDPHRWKD","TOT","IDX2010","A","2015",104.80364,
"CAN","GDPHRWKD","TOT","IDX2010","A","2016",105.114929,
"CAN","GDPHRWKD","TOT","IDX2010","A","2017",106.886751,
"CZE","GDPHRWKD","TOT","IDX2010","A","2001",77.777091,
"CZE","GDPHRWKD","TOT","IDX2010","A","2002",78.645327,
"CZE","GDPHRWKD","TOT","IDX2010","A","2003",82.601287,
"CZE","GDPHRWKD","TOT","IDX2010","A","2004",86.300934,
"CZE","GDPHRWKD","TOT","IDX2010","A","2005",90.192039,
"CZE","GDPHRWKD","TOT","IDX2010","A","2006",96.033788,
"CZE","GDPHRWKD","TOT","IDX2010","A","2007",100.164275,
"CZE","GDPHRWKD","TOT","IDX2010","A","2008",100.367255,
"CZE","GDPHRWKD","TOT","IDX2010","A","2009",97.893602,
"CZE","GDPHRWKD","TOT","IDX2010","A","2010",100,
"CZE","GDPHRWKD","TOT","IDX2010","A","2011",101.71025,
"CZE","GDPHRWKD","TOT","IDX2010","A","2012",102.143529,
"CZE","GDPHRWKD","TOT","IDX2010","A","2013",102.077197,
"CZE","GDPHRWKD","TOT","IDX2010","A","2014",103.467311,
"CZE","GDPHRWKD","TOT","IDX2010","A","2015",108.685622,
"CZE","GDPHRWKD","TOT","IDX2010","A","2016",108.228042,
"CZE","GDPHRWKD","TOT","IDX2010","A","2017",110.846595,
"CZE","GDPHRWKD","TOT","IDX2010","A","2018",111.794959,
"DNK","GDPHRWKD","TOT","IDX2010","A","2001",90.605822,
"DNK","GDPHRWKD","TOT","IDX2010","A","2002",91.350758,
"DNK","GDPHRWKD","TOT","IDX2010","A","2003",92.85839,
"DNK","GDPHRWKD","TOT","IDX2010","A","2004",95.823565,
"DNK","GDPHRWKD","TOT","IDX2010","A","2005",97.135281,
"DNK","GDPHRWKD","TOT","IDX2010","A","2006",98.415417,
"DNK","GDPHRWKD","TOT","IDX2010","A","2007",98.596926,
"DNK","GDPHRWKD","TOT","IDX2010","A","2008",97.129084,
"DNK","GDPHRWKD","TOT","IDX2010","A","2009",96.233833,
"DNK","GDPHRWKD","TOT","IDX2010","A","2010",100,
"DNK","GDPHRWKD","TOT","IDX2010","A","2011",100.346254,
"DNK","GDPHRWKD","TOT","IDX2010","A","2012",102.264117,
"DNK","GDPHRWKD","TOT","IDX2010","A","2013",103.068264,
"DNK","GDPHRWKD","TOT","IDX2010","A","2014",104.700969,
"DNK","GDPHRWKD","TOT","IDX2010","A","2015",106.196093,
"DNK","GDPHRWKD","TOT","IDX2010","A","2016",106.742312,
"DNK","GDPHRWKD","TOT","IDX2010","A","2017",107.957032,
"DNK","GDPHRWKD","TOT","IDX2010","A","2018",108.555674,
"FIN","GDPHRWKD","TOT","IDX2010","A","2001",89.395258,
"FIN","GDPHRWKD","TOT","IDX2010","A","2002",90.384302,
"FIN","GDPHRWKD","TOT","IDX2010","A","2003",92.516377,
"FIN","GDPHRWKD","TOT","IDX2010","A","2004",95.49142,
"FIN","GDPHRWKD","TOT","IDX2010","A","2005",97.222396,
"FIN","GDPHRWKD","TOT","IDX2010","A","2006",99.597111,
"FIN","GDPHRWKD","TOT","IDX2010","A","2007",102.661059,
"FIN","GDPHRWKD","TOT","IDX2010","A","2008",101.568532,
"FIN","GDPHRWKD","TOT","IDX2010","A","2009",96.839785,
"FIN","GDPHRWKD","TOT","IDX2010","A","2010",100,
"FIN","GDPHRWKD","TOT","IDX2010","A","2011",101.601988,
"FIN","GDPHRWKD","TOT","IDX2010","A","2012",100.014239,
"FIN","GDPHRWKD","TOT","IDX2010","A","2013",100.615998,
"FIN","GDPHRWKD","TOT","IDX2010","A","2014",100.662655,
"FIN","GDPHRWKD","TOT","IDX2010","A","2015",101.250535,
"FIN","GDPHRWKD","TOT","IDX2010","A","2016",103.753434,
"FIN","GDPHRWKD","TOT","IDX2010","A","2017",105.50734,
"FRA","GDPHRWKD","TOT","IDX2010","A","2001",93.204922,
"FRA","GDPHRWKD","TOT","IDX2010","A","2002",95.925989,
"FRA","GDPHRWKD","TOT","IDX2010","A","2003",96.473494,
"FRA","GDPHRWKD","TOT","IDX2010","A","2004",97.539652,
"FRA","GDPHRWKD","TOT","IDX2010","A","2005",98.405401,
"FRA","GDPHRWKD","TOT","IDX2010","A","2006",100.855351,
"FRA","GDPHRWKD","TOT","IDX2010","A","2007",100.382673,
"FRA","GDPHRWKD","TOT","IDX2010","A","2008",99.742223,
"FRA","GDPHRWKD","TOT","IDX2010","A","2009",98.722057,
"FRA","GDPHRWKD","TOT","IDX2010","A","2010",100,
"FRA","GDPHRWKD","TOT","IDX2010","A","2011",101.001301,
"FRA","GDPHRWKD","TOT","IDX2010","A","2012",101.331298,
"FRA","GDPHRWKD","TOT","IDX2010","A","2013",102.703585,
"FRA","GDPHRWKD","TOT","IDX2010","A","2014",103.691799,
"FRA","GDPHRWKD","TOT","IDX2010","A","2015",104.533053,
"FRA","GDPHRWKD","TOT","IDX2010","A","2016",104.56563,
"FRA","GDPHRWKD","TOT","IDX2010","A","2017",105.933901,
"FRA","GDPHRWKD","TOT","IDX2010","A","2018",106.607285,
"DEU","GDPHRWKD","TOT","IDX2010","A","2001",92.341573,
"DEU","GDPHRWKD","TOT","IDX2010","A","2002",93.474978,
"DEU","GDPHRWKD","TOT","IDX2010","A","2003",94.23223,
"DEU","GDPHRWKD","TOT","IDX2010","A","2004",95.17113,
"DEU","GDPHRWKD","TOT","IDX2010","A","2005",96.613922,
"DEU","GDPHRWKD","TOT","IDX2010","A","2006",98.473053,
"DEU","GDPHRWKD","TOT","IDX2010","A","2007",99.966559,
"DEU","GDPHRWKD","TOT","IDX2010","A","2008",100.153984,
"DEU","GDPHRWKD","TOT","IDX2010","A","2009",97.586251,
"DEU","GDPHRWKD","TOT","IDX2010","A","2010",100,
"DEU","GDPHRWKD","TOT","IDX2010","A","2011",102.056115,
"DEU","GDPHRWKD","TOT","IDX2010","A","2012",102.689448,
"DEU","GDPHRWKD","TOT","IDX2010","A","2013",103.491032,
"DEU","GDPHRWKD","TOT","IDX2010","A","2014",104.550388,
"DEU","GDPHRWKD","TOT","IDX2010","A","2015",105.160511,
"DEU","GDPHRWKD","TOT","IDX2010","A","2016",106.650745,
"DEU","GDPHRWKD","TOT","IDX2010","A","2017",107.603494,
"DEU","GDPHRWKD","TOT","IDX2010","A","2018",107.577685,
"GRC","GDPHRWKD","TOT","IDX2010","A","2001",91.416406,
"GRC","GDPHRWKD","TOT","IDX2010","A","2002",93.084152,
"GRC","GDPHRWKD","TOT","IDX2010","A","2003",97.213837,
"GRC","GDPHRWKD","TOT","IDX2010","A","2004",100.156507,
"GRC","GDPHRWKD","TOT","IDX2010","A","2005",97.320133,
"GRC","GDPHRWKD","TOT","IDX2010","A","2006",101.503428,
"GRC","GDPHRWKD","TOT","IDX2010","A","2007",104.136188,
"GRC","GDPHRWKD","TOT","IDX2010","A","2008",102.707355,
"GRC","GDPHRWKD","TOT","IDX2010","A","2009",100.036745,
"GRC","GDPHRWKD","TOT","IDX2010","A","2010",100,
"GRC","GDPHRWKD","TOT","IDX2010","A","2011",96.711194,
"GRC","GDPHRWKD","TOT","IDX2010","A","2012",94.868433,
"GRC","GDPHRWKD","TOT","IDX2010","A","2013",94.085887,
"GRC","GDPHRWKD","TOT","IDX2010","A","2014",95.691268,
"GRC","GDPHRWKD","TOT","IDX2010","A","2015",94.110026,
"GRC","GDPHRWKD","TOT","IDX2010","A","2016",93.541816,
"GRC","GDPHRWKD","TOT","IDX2010","A","2017",92.813785,
"GRC","GDPHRWKD","TOT","IDX2010","A","2018",93.05998,
"HUN","GDPHRWKD","TOT","IDX2010","A","2001",71.096421,
"HUN","GDPHRWKD","TOT","IDX2010","A","2002",73.932374,
"HUN","GDPHRWKD","TOT","IDX2010","A","2003",77.829739,
"HUN","GDPHRWKD","TOT","IDX2010","A","2004",82.184112,
"HUN","GDPHRWKD","TOT","IDX2010","A","2005",86.008518,
"HUN","GDPHRWKD","TOT","IDX2010","A","2006",89.090365,
"HUN","GDPHRWKD","TOT","IDX2010","A","2007",89.562746,
"HUN","GDPHRWKD","TOT","IDX2010","A","2008",91.990922,
"HUN","GDPHRWKD","TOT","IDX2010","A","2009",88.953341,
"HUN","GDPHRWKD","TOT","IDX2010","A","2010",100,"B"
"HUN","GDPHRWKD","TOT","IDX2010","A","2011",102.062344,
"HUN","GDPHRWKD","TOT","IDX2010","A","2012",101.376421,
"HUN","GDPHRWKD","TOT","IDX2010","A","2013",102.691312,
"HUN","GDPHRWKD","TOT","IDX2010","A","2014",101.678627,
"HUN","GDPHRWKD","TOT","IDX2010","A","2015",102.967724,
"HUN","GDPHRWKD","TOT","IDX2010","A","2016",101.538651,
"HUN","GDPHRWKD","TOT","IDX2010","A","2017",104.766412,
"HUN","GDPHRWKD","TOT","IDX2010","A","2018",109.338778,
"ISL","GDPHRWKD","TOT","IDX2010","A","2001",72.321386,
"ISL","GDPHRWKD","TOT","IDX2010","A","2002",75.403165,
"ISL","GDPHRWKD","TOT","IDX2010","A","2003",78.473433,
"ISL","GDPHRWKD","TOT","IDX2010","A","2004",84.778431,
"ISL","GDPHRWKD","TOT","IDX2010","A","2005",87.725407,
"ISL","GDPHRWKD","TOT","IDX2010","A","2006",88.42775,
"ISL","GDPHRWKD","TOT","IDX2010","A","2007",93.759285,
"ISL","GDPHRWKD","TOT","IDX2010","A","2008",94.770674,
"ISL","GDPHRWKD","TOT","IDX2010","A","2009",101.66582,
"ISL","GDPHRWKD","TOT","IDX2010","A","2010",100,
"ISL","GDPHRWKD","TOT","IDX2010","A","2011",100.040926,
"ISL","GDPHRWKD","TOT","IDX2010","A","2012",100.497405,
"ISL","GDPHRWKD","TOT","IDX2010","A","2013",102.080961,
"ISL","GDPHRWKD","TOT","IDX2010","A","2014",102.260135,
"ISL","GDPHRWKD","TOT","IDX2010","A","2015",104.122367,
"ISL","GDPHRWKD","TOT","IDX2010","A","2016",106.858613,
"ISL","GDPHRWKD","TOT","IDX2010","A","2017",108.285971,
"ISL","GDPHRWKD","TOT","IDX2010","A","2018",110.590853,
"IRL","GDPHRWKD","TOT","IDX2010","A","2001",75.191368,
"IRL","GDPHRWKD","TOT","IDX2010","A","2002",79.208303,
"IRL","GDPHRWKD","TOT","IDX2010","A","2003",80.804639,
"IRL","GDPHRWKD","TOT","IDX2010","A","2004",83.800563,
"IRL","GDPHRWKD","TOT","IDX2010","A","2005",84.048698,
"IRL","GDPHRWKD","TOT","IDX2010","A","2006",84.584793,
"IRL","GDPHRWKD","TOT","IDX2010","A","2007",85.980154,
"IRL","GDPHRWKD","TOT","IDX2010","A","2008",83.656763,
"IRL","GDPHRWKD","TOT","IDX2010","A","2009",87.742446,
"IRL","GDPHRWKD","TOT","IDX2010","A","2010",100,"B"
"IRL","GDPHRWKD","TOT","IDX2010","A","2011",105.187792,
"IRL","GDPHRWKD","TOT","IDX2010","A","2012",105.516152,
"IRL","GDPHRWKD","TOT","IDX2010","A","2013",103.627713,
"IRL","GDPHRWKD","TOT","IDX2010","A","2014",109.121093,
"IRL","GDPHRWKD","TOT","IDX2010","A","2015",131.201636,
"IRL","GDPHRWKD","TOT","IDX2010","A","2016",132.941938,
"IRL","GDPHRWKD","TOT","IDX2010","A","2017",138.308466,"B"
"IRL","GDPHRWKD","TOT","IDX2010","A","2018",138.789178,
"ITA","GDPHRWKD","TOT","IDX2010","A","2001",100.672664,
"ITA","GDPHRWKD","TOT","IDX2010","A","2002",99.863239,
"ITA","GDPHRWKD","TOT","IDX2010","A","2003",99.152926,
"ITA","GDPHRWKD","TOT","IDX2010","A","2004",100.140151,
"ITA","GDPHRWKD","TOT","IDX2010","A","2005",100.709455,
"ITA","GDPHRWKD","TOT","IDX2010","A","2006",100.716996,
"ITA","GDPHRWKD","TOT","IDX2010","A","2007",100.635201,
"ITA","GDPHRWKD","TOT","IDX2010","A","2008",99.976324,
"ITA","GDPHRWKD","TOT","IDX2010","A","2009",97.799705,
"ITA","GDPHRWKD","TOT","IDX2010","A","2010",100,
"ITA","GDPHRWKD","TOT","IDX2010","A","2011",100.492032,
"ITA","GDPHRWKD","TOT","IDX2010","A","2012",100.174131,
"ITA","GDPHRWKD","TOT","IDX2010","A","2013",101.08686,
"ITA","GDPHRWKD","TOT","IDX2010","A","2014",101.272346,
"ITA","GDPHRWKD","TOT","IDX2010","A","2015",101.49606,
"ITA","GDPHRWKD","TOT","IDX2010","A","2016",101.058858,
"ITA","GDPHRWKD","TOT","IDX2010","A","2017",101.73614,
"ITA","GDPHRWKD","TOT","IDX2010","A","2018",101.506492,
"JPN","GDPHRWKD","TOT","IDX2010","A","2001",90.433465,
"JPN","GDPHRWKD","TOT","IDX2010","A","2002",92.169896,
"JPN","GDPHRWKD","TOT","IDX2010","A","2003",93.477245,
"JPN","GDPHRWKD","TOT","IDX2010","A","2004",95.63376,
"JPN","GDPHRWKD","TOT","IDX2010","A","2005",97.102924,
"JPN","GDPHRWKD","TOT","IDX2010","A","2006",97.304897,
"JPN","GDPHRWKD","TOT","IDX2010","A","2007",98.081732,
"JPN","GDPHRWKD","TOT","IDX2010","A","2008",97.92474,
"JPN","GDPHRWKD","TOT","IDX2010","A","2009",96.836779,
"JPN","GDPHRWKD","TOT","IDX2010","A","2010",100,
"JPN","GDPHRWKD","TOT","IDX2010","A","2011",100.233283,
"JPN","GDPHRWKD","TOT","IDX2010","A","2012",101.170467,
"JPN","GDPHRWKD","TOT","IDX2010","A","2013",103.259424,
"JPN","GDPHRWKD","TOT","IDX2010","A","2014",103.339128,
"JPN","GDPHRWKD","TOT","IDX2010","A","2015",104.756992,
"JPN","GDPHRWKD","TOT","IDX2010","A","2016",104.703232,
"JPN","GDPHRWKD","TOT","IDX2010","A","2017",105.943843,
"KOR","GDPHRWKD","TOT","IDX2010","A","2001",64.820037,
"KOR","GDPHRWKD","TOT","IDX2010","A","2002",68.903293,
"KOR","GDPHRWKD","TOT","IDX2010","A","2003",71.951066,
"KOR","GDPHRWKD","TOT","IDX2010","A","2004",74.995407,
"KOR","GDPHRWKD","TOT","IDX2010","A","2005",78.233552,
"KOR","GDPHRWKD","TOT","IDX2010","A","2006",81.422441,
"KOR","GDPHRWKD","TOT","IDX2010","A","2007",86.299573,
"KOR","GDPHRWKD","TOT","IDX2010","A","2008",91.56366,
"KOR","GDPHRWKD","TOT","IDX2010","A","2009",94.650469,
"KOR","GDPHRWKD","TOT","IDX2010","A","2010",100,
"KOR","GDPHRWKD","TOT","IDX2010","A","2011",102.889167,
"KOR","GDPHRWKD","TOT","IDX2010","A","2012",104.22842,
"KOR","GDPHRWKD","TOT","IDX2010","A","2013",106.291718,
"KOR","GDPHRWKD","TOT","IDX2010","A","2014",108.657606,
"KOR","GDPHRWKD","TOT","IDX2010","A","2015",109.591298,
"KOR","GDPHRWKD","TOT","IDX2010","A","2016",112.515049,
"KOR","GDPHRWKD","TOT","IDX2010","A","2017",117.252238,
"LUX","GDPHRWKD","TOT","IDX2010","A","2001",96.794515,
"LUX","GDPHRWKD","TOT","IDX2010","A","2002",97.979172,
"LUX","GDPHRWKD","TOT","IDX2010","A","2003",97.87944,
"LUX","GDPHRWKD","TOT","IDX2010","A","2004",99.147312,
"LUX","GDPHRWKD","TOT","IDX2010","A","2005",101.333981,
"LUX","GDPHRWKD","TOT","IDX2010","A","2006",102.487284,
"LUX","GDPHRWKD","TOT","IDX2010","A","2007",105.413176,
"LUX","GDPHRWKD","TOT","IDX2010","A","2008",99.283936,
"LUX","GDPHRWKD","TOT","IDX2010","A","2009",97.10167,
"LUX","GDPHRWKD","TOT","IDX2010","A","2010",100,
"LUX","GDPHRWKD","TOT","IDX2010","A","2011",99.696771,
"LUX","GDPHRWKD","TOT","IDX2010","A","2012",97.441434,
"LUX","GDPHRWKD","TOT","IDX2010","A","2013",99.546202,
"LUX","GDPHRWKD","TOT","IDX2010","A","2014",100.999136,
"LUX","GDPHRWKD","TOT","IDX2010","A","2015",101.806575,
"LUX","GDPHRWKD","TOT","IDX2010","A","2016",101.242465,
"LUX","GDPHRWKD","TOT","IDX2010","A","2017",99.905326,
"LUX","GDPHRWKD","TOT","IDX2010","A","2018",98.795549,
"MEX","GDPHRWKD","TOT","IDX2010","A","2001",105.685658,
"MEX","GDPHRWKD","TOT","IDX2010","A","2002",100.863351,
"MEX","GDPHRWKD","TOT","IDX2010","A","2003",104.018528,
"MEX","GDPHRWKD","TOT","IDX2010","A","2004",105.449408,
"MEX","GDPHRWKD","TOT","IDX2010","A","2005",103.999893,
"MEX","GDPHRWKD","TOT","IDX2010","A","2006",107.379274,
"MEX","GDPHRWKD","TOT","IDX2010","A","2007",108.849329,
"MEX","GDPHRWKD","TOT","IDX2010","A","2008",105.258069,
"MEX","GDPHRWKD","TOT","IDX2010","A","2009",105.236776,
"MEX","GDPHRWKD","TOT","IDX2010","A","2010",100,"B"
"MEX","GDPHRWKD","TOT","IDX2010","A","2011",102.805566,
"MEX","GDPHRWKD","TOT","IDX2010","A","2012",103.19107,
"MEX","GDPHRWKD","TOT","IDX2010","A","2013",102.697226,
"MEX","GDPHRWKD","TOT","IDX2010","A","2014",105.26914,"E"
"MEX","GDPHRWKD","TOT","IDX2010","A","2015",105.873105,"E"
"MEX","GDPHRWKD","TOT","IDX2010","A","2016",106.590681,"E"
"MEX","GDPHRWKD","TOT","IDX2010","A","2017",107.113126,"E"
"NLD","GDPHRWKD","TOT","IDX2010","A","2001",91.567204,
"NLD","GDPHRWKD","TOT","IDX2010","A","2002",92.235549,
"NLD","GDPHRWKD","TOT","IDX2010","A","2003",93.453431,
"NLD","GDPHRWKD","TOT","IDX2010","A","2004",95.06519,
"NLD","GDPHRWKD","TOT","IDX2010","A","2005",97.335278,
"NLD","GDPHRWKD","TOT","IDX2010","A","2006",98.782988,
"NLD","GDPHRWKD","TOT","IDX2010","A","2007",99.665562,
"NLD","GDPHRWKD","TOT","IDX2010","A","2008",100.237746,
"NLD","GDPHRWKD","TOT","IDX2010","A","2009",97.976689,
"NLD","GDPHRWKD","TOT","IDX2010","A","2010",100,
"NLD","GDPHRWKD","TOT","IDX2010","A","2011",100.64084,
"NLD","GDPHRWKD","TOT","IDX2010","A","2012",100.49104,
"NLD","GDPHRWKD","TOT","IDX2010","A","2013",101.254678,
"NLD","GDPHRWKD","TOT","IDX2010","A","2014",102.004433,
"NLD","GDPHRWKD","TOT","IDX2010","A","2015",103.007055,
"NLD","GDPHRWKD","TOT","IDX2010","A","2016",103.243543,
"NLD","GDPHRWKD","TOT","IDX2010","A","2017",104.192823,
"NLD","GDPHRWKD","TOT","IDX2010","A","2018",104.472227,
"NZL","GDPHRWKD","TOT","IDX2010","A","2001",90.955562,
"NZL","GDPHRWKD","TOT","IDX2010","A","2002",92.728299,
"NZL","GDPHRWKD","TOT","IDX2010","A","2003",94.485376,
"NZL","GDPHRWKD","TOT","IDX2010","A","2004",94.137172,
"NZL","GDPHRWKD","TOT","IDX2010","A","2005",94.024369,
"NZL","GDPHRWKD","TOT","IDX2010","A","2006",95.395835,
"NZL","GDPHRWKD","TOT","IDX2010","A","2007",99.110045,
"NZL","GDPHRWKD","TOT","IDX2010","A","2008",95.975893,
"NZL","GDPHRWKD","TOT","IDX2010","A","2009",100.967367,
"NZL","GDPHRWKD","TOT","IDX2010","A","2010",100,
"NZL","GDPHRWKD","TOT","IDX2010","A","2011",101.969676,
"NZL","GDPHRWKD","TOT","IDX2010","A","2012",105.655646,
"NZL","GDPHRWKD","TOT","IDX2010","A","2013",103.760934,
"NZL","GDPHRWKD","TOT","IDX2010","A","2014",103.36725,
"NZL","GDPHRWKD","TOT","IDX2010","A","2015",106.063553,
"NZL","GDPHRWKD","TOT","IDX2010","A","2016",105.477651,
"NZL","GDPHRWKD","TOT","IDX2010","A","2017",103.852825,
"NZL","GDPHRWKD","TOT","IDX2010","A","2018",103.830079,"E"
"NOR","GDPHRWKD","TOT","IDX2010","A","2001",96.859919,
"NOR","GDPHRWKD","TOT","IDX2010","A","2002",98.875836,
"NOR","GDPHRWKD","TOT","IDX2010","A","2003",101.846891,
"NOR","GDPHRWKD","TOT","IDX2010","A","2004",103.767227,
"NOR","GDPHRWKD","TOT","IDX2010","A","2005",104.843245,
"NOR","GDPHRWKD","TOT","IDX2010","A","2006",104.012086,
"NOR","GDPHRWKD","TOT","IDX2010","A","2007",102.197068,
"NOR","GDPHRWKD","TOT","IDX2010","A","2008",99.169969,
"NOR","GDPHRWKD","TOT","IDX2010","A","2009",99.447622,
"NOR","GDPHRWKD","TOT","IDX2010","A","2010",100,
"NOR","GDPHRWKD","TOT","IDX2010","A","2011",99.226874,
"NOR","GDPHRWKD","TOT","IDX2010","A","2012",99.986743,
"NOR","GDPHRWKD","TOT","IDX2010","A","2013",100.689584,
"NOR","GDPHRWKD","TOT","IDX2010","A","2014",101.282949,
"NOR","GDPHRWKD","TOT","IDX2010","A","2015",102.69895,
"NOR","GDPHRWKD","TOT","IDX2010","A","2016",103.469858,
"NOR","GDPHRWKD","TOT","IDX2010","A","2017",105.225164,
"NOR","GDPHRWKD","TOT","IDX2010","A","2018",104.995723,
"POL","GDPHRWKD","TOT","IDX2010","A","2001",73.361479,
"POL","GDPHRWKD","TOT","IDX2010","A","2002",77.383135,
"POL","GDPHRWKD","TOT","IDX2010","A","2003",80.861738,
"POL","GDPHRWKD","TOT","IDX2010","A","2004",84.047266,
"POL","GDPHRWKD","TOT","IDX2010","A","2005",85.372252,
"POL","GDPHRWKD","TOT","IDX2010","A","2006",87.790214,
"POL","GDPHRWKD","TOT","IDX2010","A","2007",90.051986,
"POL","GDPHRWKD","TOT","IDX2010","A","2008",90.791908,
"POL","GDPHRWKD","TOT","IDX2010","A","2009",93.71887,
"POL","GDPHRWKD","TOT","IDX2010","A","2010",100,"B"
"POL","GDPHRWKD","TOT","IDX2010","A","2011",104.691939,
"POL","GDPHRWKD","TOT","IDX2010","A","2012",106.525361,
"POL","GDPHRWKD","TOT","IDX2010","A","2013",108.279251,
"POL","GDPHRWKD","TOT","IDX2010","A","2014",109.618419,
"POL","GDPHRWKD","TOT","IDX2010","A","2015",111.70248,
"POL","GDPHRWKD","TOT","IDX2010","A","2016",114.058535,
"POL","GDPHRWKD","TOT","IDX2010","A","2017",119.30853,
"POL","GDPHRWKD","TOT","IDX2010","A","2018",126.697399,
"PRT","GDPHRWKD","TOT","IDX2010","A","2001",89.417229,
"PRT","GDPHRWKD","TOT","IDX2010","A","2002",90.082715,
"PRT","GDPHRWKD","TOT","IDX2010","A","2003",90.443718,
"PRT","GDPHRWKD","TOT","IDX2010","A","2004",92.434512,
"PRT","GDPHRWKD","TOT","IDX2010","A","2005",93.471429,
"PRT","GDPHRWKD","TOT","IDX2010","A","2006",95.145877,
"PRT","GDPHRWKD","TOT","IDX2010","A","2007",96.630575,
"PRT","GDPHRWKD","TOT","IDX2010","A","2008",97.138971,
"PRT","GDPHRWKD","TOT","IDX2010","A","2009",96.875858,
"PRT","GDPHRWKD","TOT","IDX2010","A","2010",100,
"PRT","GDPHRWKD","TOT","IDX2010","A","2011",101.360496,
"PRT","GDPHRWKD","TOT","IDX2010","A","2012",102.38547,
"PRT","GDPHRWKD","TOT","IDX2010","A","2013",103.649244,
"PRT","GDPHRWKD","TOT","IDX2010","A","2014",102.690538,
"PRT","GDPHRWKD","TOT","IDX2010","A","2015",102.684713,
"PRT","GDPHRWKD","TOT","IDX2010","A","2016",102.804261,
"PRT","GDPHRWKD","TOT","IDX2010","A","2017",102.202979,
"PRT","GDPHRWKD","TOT","IDX2010","A","2018",102.307875,
"SVK","GDPHRWKD","TOT","IDX2010","A","2001",68.411079,
"SVK","GDPHRWKD","TOT","IDX2010","A","2002",73.338914,
"SVK","GDPHRWKD","TOT","IDX2010","A","2003",79.031262,
"SVK","GDPHRWKD","TOT","IDX2010","A","2004",81.252626,
"SVK","GDPHRWKD","TOT","IDX2010","A","2005",84.033931,
"SVK","GDPHRWKD","TOT","IDX2010","A","2006",89.029051,
"SVK","GDPHRWKD","TOT","IDX2010","A","2007",95.720388,
"SVK","GDPHRWKD","TOT","IDX2010","A","2008",97.834211,
"SVK","GDPHRWKD","TOT","IDX2010","A","2009",95.06632,
"SVK","GDPHRWKD","TOT","IDX2010","A","2010",100,
"SVK","GDPHRWKD","TOT","IDX2010","A","2011",101.710884,
"SVK","GDPHRWKD","TOT","IDX2010","A","2012",103.573317,
"SVK","GDPHRWKD","TOT","IDX2010","A","2013",106.9832,
"SVK","GDPHRWKD","TOT","IDX2010","A","2014",109.137014,
"SVK","GDPHRWKD","TOT","IDX2010","A","2015",111.840574,
"SVK","GDPHRWKD","TOT","IDX2010","A","2016",113.566508,
"SVK","GDPHRWKD","TOT","IDX2010","A","2017",116.412533,
"SVK","GDPHRWKD","TOT","IDX2010","A","2018",119.932709,
"ESP","GDPHRWKD","TOT","IDX2010","A","2001",92.274273,
"ESP","GDPHRWKD","TOT","IDX2010","A","2002",92.434694,
"ESP","GDPHRWKD","TOT","IDX2010","A","2003",92.762606,
"ESP","GDPHRWKD","TOT","IDX2010","A","2004",92.992131,
"ESP","GDPHRWKD","TOT","IDX2010","A","2005",93.338695,
"ESP","GDPHRWKD","TOT","IDX2010","A","2006",93.882513,
"ESP","GDPHRWKD","TOT","IDX2010","A","2007",95.002034,
"ESP","GDPHRWKD","TOT","IDX2010","A","2008",95.379737,
"ESP","GDPHRWKD","TOT","IDX2010","A","2009",97.718446,
"ESP","GDPHRWKD","TOT","IDX2010","A","2010",100,
"ESP","GDPHRWKD","TOT","IDX2010","A","2011",101.427723,
"ESP","GDPHRWKD","TOT","IDX2010","A","2012",103.45402,
"ESP","GDPHRWKD","TOT","IDX2010","A","2013",104.89856,
"ESP","GDPHRWKD","TOT","IDX2010","A","2014",105.235756,
"ESP","GDPHRWKD","TOT","IDX2010","A","2015",105.755777,
"ESP","GDPHRWKD","TOT","IDX2010","A","2016",106.262341,
"ESP","GDPHRWKD","TOT","IDX2010","A","2017",107.423262,
"ESP","GDPHRWKD","TOT","IDX2010","A","2018",107.19352,
"SWE","GDPHRWKD","TOT","IDX2010","A","2001",85.366278,
"SWE","GDPHRWKD","TOT","IDX2010","A","2002",88.37047,
"SWE","GDPHRWKD","TOT","IDX2010","A","2003",91.745459,
"SWE","GDPHRWKD","TOT","IDX2010","A","2004",94.940264,
"SWE","GDPHRWKD","TOT","IDX2010","A","2005",97.383393,
"SWE","GDPHRWKD","TOT","IDX2010","A","2006",100.632999,
"SWE","GDPHRWKD","TOT","IDX2010","A","2007",100.93596,
"SWE","GDPHRWKD","TOT","IDX2010","A","2008",99.1463,
"SWE","GDPHRWKD","TOT","IDX2010","A","2009",96.786111,
"SWE","GDPHRWKD","TOT","IDX2010","A","2010",100,
"SWE","GDPHRWKD","TOT","IDX2010","A","2011",100.688937,
"SWE","GDPHRWKD","TOT","IDX2010","A","2012",100.525903,
"SWE","GDPHRWKD","TOT","IDX2010","A","2013",101.408672,
"SWE","GDPHRWKD","TOT","IDX2010","A","2014",102.561536,
"SWE","GDPHRWKD","TOT","IDX2010","A","2015",105.529761,
"SWE","GDPHRWKD","TOT","IDX2010","A","2016",105.589224,
"SWE","GDPHRWKD","TOT","IDX2010","A","2017",106.232308,
"SWE","GDPHRWKD","TOT","IDX2010","A","2018",106.470094,
"CHE","GDPHRWKD","TOT","IDX2010","A","2001",91.54402,
"CHE","GDPHRWKD","TOT","IDX2010","A","2002",92.232745,
"CHE","GDPHRWKD","TOT","IDX2010","A","2003",91.86068,
"CHE","GDPHRWKD","TOT","IDX2010","A","2004",92.461378,
"CHE","GDPHRWKD","TOT","IDX2010","A","2005",94.928453,
"CHE","GDPHRWKD","TOT","IDX2010","A","2006",97.228047,
"CHE","GDPHRWKD","TOT","IDX2010","A","2007",99.29129,
"CHE","GDPHRWKD","TOT","IDX2010","A","2008",99.621294,
"CHE","GDPHRWKD","TOT","IDX2010","A","2009",97.462968,
"CHE","GDPHRWKD","TOT","IDX2010","A","2010",100,
"CHE","GDPHRWKD","TOT","IDX2010","A","2011",99.473463,
"CHE","GDPHRWKD","TOT","IDX2010","A","2012",99.738207,
"CHE","GDPHRWKD","TOT","IDX2010","A","2013",101.607501,
"CHE","GDPHRWKD","TOT","IDX2010","A","2014",102.671013,
"CHE","GDPHRWKD","TOT","IDX2010","A","2015",101.578096,
"CHE","GDPHRWKD","TOT","IDX2010","A","2016",101.741771,
"CHE","GDPHRWKD","TOT","IDX2010","A","2017",103.79846,
"TUR","GDPHRWKD","TOT","IDX2010","A","2001",70.500558,
"TUR","GDPHRWKD","TOT","IDX2010","A","2002",75.224401,
"TUR","GDPHRWKD","TOT","IDX2010","A","2003",80.07146,
"TUR","GDPHRWKD","TOT","IDX2010","A","2004",87.268167,
"TUR","GDPHRWKD","TOT","IDX2010","A","2005",92.253071,
"TUR","GDPHRWKD","TOT","IDX2010","A","2006",96.735393,
"TUR","GDPHRWKD","TOT","IDX2010","A","2007",101.862827,
"TUR","GDPHRWKD","TOT","IDX2010","A","2008",101.55521,
"TUR","GDPHRWKD","TOT","IDX2010","A","2009",97.48802,
"TUR","GDPHRWKD","TOT","IDX2010","A","2010",100,
"TUR","GDPHRWKD","TOT","IDX2010","A","2011",105.404026,
"TUR","GDPHRWKD","TOT","IDX2010","A","2012",107.622277,
"TUR","GDPHRWKD","TOT","IDX2010","A","2013",114.89747,
"TUR","GDPHRWKD","TOT","IDX2010","A","2014",114.929307,"E"
"TUR","GDPHRWKD","TOT","IDX2010","A","2015",118.627001,"E"
"TUR","GDPHRWKD","TOT","IDX2010","A","2016",119.795783,"E"
"TUR","GDPHRWKD","TOT","IDX2010","A","2017",124.258636,"E"
"GBR","GDPHRWKD","TOT","IDX2010","A","2001",88.680414,
"GBR","GDPHRWKD","TOT","IDX2010","A","2002",91.074436,
"GBR","GDPHRWKD","TOT","IDX2010","A","2003",93.854925,
"GBR","GDPHRWKD","TOT","IDX2010","A","2004",95.857175,
"GBR","GDPHRWKD","TOT","IDX2010","A","2005",96.750668,
"GBR","GDPHRWKD","TOT","IDX2010","A","2006",98.569294,
"GBR","GDPHRWKD","TOT","IDX2010","A","2007",100.131441,
"GBR","GDPHRWKD","TOT","IDX2010","A","2008",100.248302,
"GBR","GDPHRWKD","TOT","IDX2010","A","2009",97.884559,
"GBR","GDPHRWKD","TOT","IDX2010","A","2010",100,
"GBR","GDPHRWKD","TOT","IDX2010","A","2011",100.316641,
"GBR","GDPHRWKD","TOT","IDX2010","A","2012",99.789009,
"GBR","GDPHRWKD","TOT","IDX2010","A","2013",100.04093,
"GBR","GDPHRWKD","TOT","IDX2010","A","2014",100.204898,
"GBR","GDPHRWKD","TOT","IDX2010","A","2015",101.869247,
"GBR","GDPHRWKD","TOT","IDX2010","A","2016",101.257581,
"GBR","GDPHRWKD","TOT","IDX2010","A","2017",102.205669,
"GBR","GDPHRWKD","TOT","IDX2010","A","2018",102.74966,
"USA","GDPHRWKD","TOT","IDX2010","A","2001",82.35685,
"USA","GDPHRWKD","TOT","IDX2010","A","2002",84.67324,
"USA","GDPHRWKD","TOT","IDX2010","A","2003",87.289092,
"USA","GDPHRWKD","TOT","IDX2010","A","2004",89.526473,
"USA","GDPHRWKD","TOT","IDX2010","A","2005",91.423361,
"USA","GDPHRWKD","TOT","IDX2010","A","2006",92.353846,
"USA","GDPHRWKD","TOT","IDX2010","A","2007",93.527155,
"USA","GDPHRWKD","TOT","IDX2010","A","2008",94.480177,
"USA","GDPHRWKD","TOT","IDX2010","A","2009",97.562935,
"USA","GDPHRWKD","TOT","IDX2010","A","2010",100,
"USA","GDPHRWKD","TOT","IDX2010","A","2011",100.039331,
"USA","GDPHRWKD","TOT","IDX2010","A","2012",100.386521,
"USA","GDPHRWKD","TOT","IDX2010","A","2013",100.813556,
"USA","GDPHRWKD","TOT","IDX2010","A","2014",101.355046,
"USA","GDPHRWKD","TOT","IDX2010","A","2015",102.092794,
"USA","GDPHRWKD","TOT","IDX2010","A","2016",102.240669,
"USA","GDPHRWKD","TOT","IDX2010","A","2017",103.364398,
"CHL","GDPHRWKD","TOT","IDX2010","A","2001",83.402904,
"CHL","GDPHRWKD","TOT","IDX2010","A","2002",84.142591,
"CHL","GDPHRWKD","TOT","IDX2010","A","2003",84.850427,
"CHL","GDPHRWKD","TOT","IDX2010","A","2004",88.825511,
"CHL","GDPHRWKD","TOT","IDX2010","A","2005",93.566153,
"CHL","GDPHRWKD","TOT","IDX2010","A","2006",97.42158,
"CHL","GDPHRWKD","TOT","IDX2010","A","2007",101.177493,
"CHL","GDPHRWKD","TOT","IDX2010","A","2008",103.4066,
"CHL","GDPHRWKD","TOT","IDX2010","A","2009",103.497966,
"CHL","GDPHRWKD","TOT","IDX2010","A","2010",100,
"CHL","GDPHRWKD","TOT","IDX2010","A","2011",102.193911,
"CHL","GDPHRWKD","TOT","IDX2010","A","2012",106.872451,"B"
"CHL","GDPHRWKD","TOT","IDX2010","A","2013",109.389476,
"CHL","GDPHRWKD","TOT","IDX2010","A","2014",111.053334,
"CHL","GDPHRWKD","TOT","IDX2010","A","2015",111.961377,
"CHL","GDPHRWKD","TOT","IDX2010","A","2016",113.409043,
"CHL","GDPHRWKD","TOT","IDX2010","A","2017",113.77679,
"EST","GDPHRWKD","TOT","IDX2010","A","2001",68.246418,
"EST","GDPHRWKD","TOT","IDX2010","A","2002",72.325144,
"EST","GDPHRWKD","TOT","IDX2010","A","2003",75.843337,
"EST","GDPHRWKD","TOT","IDX2010","A","2004",80.609599,
"EST","GDPHRWKD","TOT","IDX2010","A","2005",85.266803,
"EST","GDPHRWKD","TOT","IDX2010","A","2006",89.978392,
"EST","GDPHRWKD","TOT","IDX2010","A","2007",96.890616,
"EST","GDPHRWKD","TOT","IDX2010","A","2008",93.258507,
"EST","GDPHRWKD","TOT","IDX2010","A","2009",95.116685,
"EST","GDPHRWKD","TOT","IDX2010","A","2010",100,
"EST","GDPHRWKD","TOT","IDX2010","A","2011",98.658995,
"EST","GDPHRWKD","TOT","IDX2010","A","2012",103.042854,
"EST","GDPHRWKD","TOT","IDX2010","A","2013",104.848133,
"EST","GDPHRWKD","TOT","IDX2010","A","2014",107.426274,
"EST","GDPHRWKD","TOT","IDX2010","A","2015",106.858948,
"EST","GDPHRWKD","TOT","IDX2010","A","2016",110.055762,
"EST","GDPHRWKD","TOT","IDX2010","A","2017",112.288885,
"EST","GDPHRWKD","TOT","IDX2010","A","2018",118.139463,
"ISR","GDPHRWKD","TOT","IDX2010","A","2001",89.303576,
"ISR","GDPHRWKD","TOT","IDX2010","A","2002",87.700072,
"ISR","GDPHRWKD","TOT","IDX2010","A","2003",88.474138,
"ISR","GDPHRWKD","TOT","IDX2010","A","2004",92.58619,
"ISR","GDPHRWKD","TOT","IDX2010","A","2005",93.675132,
"ISR","GDPHRWKD","TOT","IDX2010","A","2006",97.117033,
"ISR","GDPHRWKD","TOT","IDX2010","A","2007",98.123775,
"ISR","GDPHRWKD","TOT","IDX2010","A","2008",97.986186,
"ISR","GDPHRWKD","TOT","IDX2010","A","2009",97.302185,
"ISR","GDPHRWKD","TOT","IDX2010","A","2010",100,
"ISR","GDPHRWKD","TOT","IDX2010","A","2011",102.644272,
"ISR","GDPHRWKD","TOT","IDX2010","A","2012",102.349448,
"ISR","GDPHRWKD","TOT","IDX2010","A","2013",104.514637,
"ISR","GDPHRWKD","TOT","IDX2010","A","2014",106.441146,
"ISR","GDPHRWKD","TOT","IDX2010","A","2015",106.689718,
"ISR","GDPHRWKD","TOT","IDX2010","A","2016",107.010933,
"ISR","GDPHRWKD","TOT","IDX2010","A","2017",108.05225,
"LVA","GDPHRWKD","TOT","IDX2010","A","2001",64.382408,
"LVA","GDPHRWKD","TOT","IDX2010","A","2002",69.697422,
"LVA","GDPHRWKD","TOT","IDX2010","A","2003",75.498413,
"LVA","GDPHRWKD","TOT","IDX2010","A","2004",83.735566,
"LVA","GDPHRWKD","TOT","IDX2010","A","2005",90.569425,
"LVA","GDPHRWKD","TOT","IDX2010","A","2006",95.75443,"B"
"LVA","GDPHRWKD","TOT","IDX2010","A","2007",102.984028,
"LVA","GDPHRWKD","TOT","IDX2010","A","2008",93.971784,
"LVA","GDPHRWKD","TOT","IDX2010","A","2009",96.316003,
"LVA","GDPHRWKD","TOT","IDX2010","A","2010",100,
"LVA","GDPHRWKD","TOT","IDX2010","A","2011",103.901854,
"LVA","GDPHRWKD","TOT","IDX2010","A","2012",107.519842,
"LVA","GDPHRWKD","TOT","IDX2010","A","2013",108.018843,
"LVA","GDPHRWKD","TOT","IDX2010","A","2014",110.914877,
"LVA","GDPHRWKD","TOT","IDX2010","A","2015",114.797181,
"LVA","GDPHRWKD","TOT","IDX2010","A","2016",117.477986,
"LVA","GDPHRWKD","TOT","IDX2010","A","2017",124.009133,
"LVA","GDPHRWKD","TOT","IDX2010","A","2018",127.505543,
"LTU","GDPHRWKD","TOT","IDX2010","A","2001",66.367395,
"LTU","GDPHRWKD","TOT","IDX2010","A","2002",69.482911,
"LTU","GDPHRWKD","TOT","IDX2010","A","2003",75.818877,
"LTU","GDPHRWKD","TOT","IDX2010","A","2004",77.650116,
"LTU","GDPHRWKD","TOT","IDX2010","A","2005",83.006787,
"LTU","GDPHRWKD","TOT","IDX2010","A","2006",89.662619,
"LTU","GDPHRWKD","TOT","IDX2010","A","2007",96.098029,
"LTU","GDPHRWKD","TOT","IDX2010","A","2008",98.39995,
"LTU","GDPHRWKD","TOT","IDX2010","A","2009",94.242216,
"LTU","GDPHRWKD","TOT","IDX2010","A","2010",100,
"LTU","GDPHRWKD","TOT","IDX2010","A","2011",106.984058,
"LTU","GDPHRWKD","TOT","IDX2010","A","2012",109.236835,
"LTU","GDPHRWKD","TOT","IDX2010","A","2013",112.544079,
"LTU","GDPHRWKD","TOT","IDX2010","A","2014",114.714315,
"LTU","GDPHRWKD","TOT","IDX2010","A","2015",113.935052,
"LTU","GDPHRWKD","TOT","IDX2010","A","2016",112.799999,
"LTU","GDPHRWKD","TOT","IDX2010","A","2017",120.710822,
"RUS","GDPHRWKD","TOT","IDX2010","A","2001",70.149276,
"RUS","GDPHRWKD","TOT","IDX2010","A","2002",71.711733,
"RUS","GDPHRWKD","TOT","IDX2010","A","2003",76.779931,
"RUS","GDPHRWKD","TOT","IDX2010","A","2004",81.259084,
"RUS","GDPHRWKD","TOT","IDX2010","A","2005",85.478049,
"RUS","GDPHRWKD","TOT","IDX2010","A","2006",91.114058,
"RUS","GDPHRWKD","TOT","IDX2010","A","2007",96.438455,
"RUS","GDPHRWKD","TOT","IDX2010","A","2008",101.036201,
"RUS","GDPHRWKD","TOT","IDX2010","A","2009",96.476302,
"RUS","GDPHRWKD","TOT","IDX2010","A","2010",100,
"RUS","GDPHRWKD","TOT","IDX2010","A","2011",102.558838,
"RUS","GDPHRWKD","TOT","IDX2010","A","2012",105.125449,
"RUS","GDPHRWKD","TOT","IDX2010","A","2013",107.341369,
"RUS","GDPHRWKD","TOT","IDX2010","A","2014",107.639289,
"RUS","GDPHRWKD","TOT","IDX2010","A","2015",103.826463,
"RUS","GDPHRWKD","TOT","IDX2010","A","2016",103.703923,
"RUS","GDPHRWKD","TOT","IDX2010","A","2017",105.440156,"E"
"SVN","GDPHRWKD","TOT","IDX2010","A","2001",82.083556,
"SVN","GDPHRWKD","TOT","IDX2010","A","2002",82.707521,
"SVN","GDPHRWKD","TOT","IDX2010","A","2003",85.155695,
"SVN","GDPHRWKD","TOT","IDX2010","A","2004",87.952422,
"SVN","GDPHRWKD","TOT","IDX2010","A","2005",94.083268,
"SVN","GDPHRWKD","TOT","IDX2010","A","2006",99.573168,
"SVN","GDPHRWKD","TOT","IDX2010","A","2007",103.809158,
"SVN","GDPHRWKD","TOT","IDX2010","A","2008",103.385496,
"SVN","GDPHRWKD","TOT","IDX2010","A","2009",96.767066,
"SVN","GDPHRWKD","TOT","IDX2010","A","2010",100,
"SVN","GDPHRWKD","TOT","IDX2010","A","2011",103.405006,
"SVN","GDPHRWKD","TOT","IDX2010","A","2012",102.734592,
"SVN","GDPHRWKD","TOT","IDX2010","A","2013",101.625987,
"SVN","GDPHRWKD","TOT","IDX2010","A","2014",102.999437,
"SVN","GDPHRWKD","TOT","IDX2010","A","2015",103.653555,
"SVN","GDPHRWKD","TOT","IDX2010","A","2016",107.161123,
"SVN","GDPHRWKD","TOT","IDX2010","A","2017",111.275838,
"SVN","GDPHRWKD","TOT","IDX2010","A","2018",114.223479,
"EU28","GDPHRWKD","TOT","IDX2010","A","2001",90.287471,
"EU28","GDPHRWKD","TOT","IDX2010","A","2002",92.245233,
"EU28","GDPHRWKD","TOT","IDX2010","A","2003",93.516969,
"EU28","GDPHRWKD","TOT","IDX2010","A","2004",95.085642,
"EU28","GDPHRWKD","TOT","IDX2010","A","2005",96.141763,
"EU28","GDPHRWKD","TOT","IDX2010","A","2006",97.71701,
"EU28","GDPHRWKD","TOT","IDX2010","A","2007",98.74422,
"EU28","GDPHRWKD","TOT","IDX2010","A","2008",98.416772,
"EU28","GDPHRWKD","TOT","IDX2010","A","2009",97.035396,
"EU28","GDPHRWKD","TOT","IDX2010","A","2010",100,
"EU28","GDPHRWKD","TOT","IDX2010","A","2011",101.46771,
"EU28","GDPHRWKD","TOT","IDX2010","A","2012",102.429521,
"EU28","GDPHRWKD","TOT","IDX2010","A","2013",103.453133,
"EU28","GDPHRWKD","TOT","IDX2010","A","2014",104.163347,
"EU28","GDPHRWKD","TOT","IDX2010","A","2015",105.52362,
"EU28","GDPHRWKD","TOT","IDX2010","A","2016",105.996828,
"EU28","GDPHRWKD","TOT","IDX2010","A","2017",107.227151,
"EU28","GDPHRWKD","TOT","IDX2010","A","2018",108.010333,
"OECD","GDPHRWKD","TOT","IDX2010","A","2001",87.991291,
"OECD","GDPHRWKD","TOT","IDX2010","A","2002",89.477613,
"OECD","GDPHRWKD","TOT","IDX2010","A","2003",91.532236,
"OECD","GDPHRWKD","TOT","IDX2010","A","2004",93.542056,
"OECD","GDPHRWKD","TOT","IDX2010","A","2005",95.022204,
"OECD","GDPHRWKD","TOT","IDX2010","A","2006",96.513921,
"OECD","GDPHRWKD","TOT","IDX2010","A","2007",97.923153,
"OECD","GDPHRWKD","TOT","IDX2010","A","2008",98.0114,
"OECD","GDPHRWKD","TOT","IDX2010","A","2009",98.375725,
"OECD","GDPHRWKD","TOT","IDX2010","A","2010",100,
"OECD","GDPHRWKD","TOT","IDX2010","A","2011",101.02732,
"OECD","GDPHRWKD","TOT","IDX2010","A","2012",101.541178,
"OECD","GDPHRWKD","TOT","IDX2010","A","2013",102.569238,
"OECD","GDPHRWKD","TOT","IDX2010","A","2014",103.431403,
"OECD","GDPHRWKD","TOT","IDX2010","A","2015",104.476517,
"OECD","GDPHRWKD","TOT","IDX2010","A","2016",104.827086,
"OECD","GDPHRWKD","TOT","IDX2010","A","2017",106.248718,
"G-7","GDPHRWKD","TOT","IDX2010","A","2001",87.50286,
"G-7","GDPHRWKD","TOT","IDX2010","A","2002",89.417345,
"G-7","GDPHRWKD","TOT","IDX2010","A","2003",91.150184,
"G-7","GDPHRWKD","TOT","IDX2010","A","2004",93.044341,
"G-7","GDPHRWKD","TOT","IDX2010","A","2005",94.660161,
"G-7","GDPHRWKD","TOT","IDX2010","A","2006",95.71717,
"G-7","GDPHRWKD","TOT","IDX2010","A","2007",96.645291,
"G-7","GDPHRWKD","TOT","IDX2010","A","2008",97.027447,
"G-7","GDPHRWKD","TOT","IDX2010","A","2009",97.686184,
"G-7","GDPHRWKD","TOT","IDX2010","A","2010",100,
"G-7","GDPHRWKD","TOT","IDX2010","A","2011",100.590434,
"G-7","GDPHRWKD","TOT","IDX2010","A","2012",101.015594,
"G-7","GDPHRWKD","TOT","IDX2010","A","2013",101.932501,
"G-7","GDPHRWKD","TOT","IDX2010","A","2014",102.632,
"G-7","GDPHRWKD","TOT","IDX2010","A","2015",103.576177,
"G-7","GDPHRWKD","TOT","IDX2010","A","2016",103.769701,
"G-7","GDPHRWKD","TOT","IDX2010","A","2017",104.924296,
"EA19","GDPHRWKD","TOT","IDX2010","A","2001",92.946291,
"EA19","GDPHRWKD","TOT","IDX2010","A","2002",93.853249,
"EA19","GDPHRWKD","TOT","IDX2010","A","2003",94.317526,
"EA19","GDPHRWKD","TOT","IDX2010","A","2004",95.465999,
"EA19","GDPHRWKD","TOT","IDX2010","A","2005",96.307189,
"EA19","GDPHRWKD","TOT","IDX2010","A","2006",97.768576,
"EA19","GDPHRWKD","TOT","IDX2010","A","2007",98.72105,
"EA19","GDPHRWKD","TOT","IDX2010","A","2008",98.467183,
"EA19","GDPHRWKD","TOT","IDX2010","A","2009",97.453193,
"EA19","GDPHRWKD","TOT","IDX2010","A","2010",100,
"EA19","GDPHRWKD","TOT","IDX2010","A","2011",101.520746,
"EA19","GDPHRWKD","TOT","IDX2010","A","2012",102.274339,
"EA19","GDPHRWKD","TOT","IDX2010","A","2013",103.411772,
"EA19","GDPHRWKD","TOT","IDX2010","A","2014",104.274506,
"EA19","GDPHRWKD","TOT","IDX2010","A","2015",105.219914,
"EA19","GDPHRWKD","TOT","IDX2010","A","2016",105.726449,
"EA19","GDPHRWKD","TOT","IDX2010","A","2017",106.783059,
"EA19","GDPHRWKD","TOT","IDX2010","A","2018",106.978993,
"ZAF","GDPHRWKD","TOT","IDX2010","A","2001",78.498133,
"ZAF","GDPHRWKD","TOT","IDX2010","A","2002",81.913523,
"ZAF","GDPHRWKD","TOT","IDX2010","A","2003",87.779621,
"ZAF","GDPHRWKD","TOT","IDX2010","A","2004",89.107461,
"ZAF","GDPHRWKD","TOT","IDX2010","A","2005",86.375525,
"ZAF","GDPHRWKD","TOT","IDX2010","A","2006",89.934092,
"ZAF","GDPHRWKD","TOT","IDX2010","A","2007",94.154872,
"ZAF","GDPHRWKD","TOT","IDX2010","A","2008",91.202413,
"ZAF","GDPHRWKD","TOT","IDX2010","A","2009",93.706367,
"ZAF","GDPHRWKD","TOT","IDX2010","A","2010",100,
"ZAF","GDPHRWKD","TOT","IDX2010","A","2011",100.367652,
"ZAF","GDPHRWKD","TOT","IDX2010","A","2012",101.436765,
"ZAF","GDPHRWKD","TOT","IDX2010","A","2013",101.428308,
"ZAF","GDPHRWKD","TOT","IDX2010","A","2014",101.520279,
"ZAF","GDPHRWKD","TOT","IDX2010","A","2015",111.511629,"E"
"ZAF","GDPHRWKD","TOT","IDX2010","A","2016",98.579546,"E"
"ZAF","GDPHRWKD","TOT","IDX2010","A","2017",98.524905,"E"
"ZAF","GDPHRWKD","TOT","IDX2010","A","2018",97.938287,"E"
"CRI","GDPHRWKD","TOT","IDX2010","A","2001",78.744126,
"CRI","GDPHRWKD","TOT","IDX2010","A","2002",79.183168,
"CRI","GDPHRWKD","TOT","IDX2010","A","2003",80.251572,
"CRI","GDPHRWKD","TOT","IDX2010","A","2004",82.191779,
"CRI","GDPHRWKD","TOT","IDX2010","A","2005",80.679403,
"CRI","GDPHRWKD","TOT","IDX2010","A","2006",83.792453,
"CRI","GDPHRWKD","TOT","IDX2010","A","2007",84.895599,
"CRI","GDPHRWKD","TOT","IDX2010","A","2008",87.496074,
"CRI","GDPHRWKD","TOT","IDX2010","A","2009",89.888105,
"CRI","GDPHRWKD","TOT","IDX2010","A","2010",100,
"CRI","GDPHRWKD","TOT","IDX2010","A","2011",104.70427,
"CRI","GDPHRWKD","TOT","IDX2010","A","2012",103.160289,
"CRI","GDPHRWKD","TOT","IDX2010","A","2013",108.318253,
"CRI","GDPHRWKD","TOT","IDX2010","A","2014",111.043495,
"CRI","GDPHRWKD","TOT","IDX2010","A","2015",114.591683,
"CRI","GDPHRWKD","TOT","IDX2010","A","2016",119.663859,
"CRI","GDPHRWKD","TOT","IDX2010","A","2017",121.589544,
"CRI","GDPHRWKD","TOT","IDX2010","A","2018",123.896896,
"BGR","GDPHRWKD","TOT","IDX2010","A","2001",73.96387,
"BGR","GDPHRWKD","TOT","IDX2010","A","2002",78.20449,
"BGR","GDPHRWKD","TOT","IDX2010","A","2003",80.39846,
"BGR","GDPHRWKD","TOT","IDX2010","A","2004",82.247894,
"BGR","GDPHRWKD","TOT","IDX2010","A","2005",86.051802,
"BGR","GDPHRWKD","TOT","IDX2010","A","2006",89.238619,
"BGR","GDPHRWKD","TOT","IDX2010","A","2007",92.820909,
"BGR","GDPHRWKD","TOT","IDX2010","A","2008",93.924301,
"BGR","GDPHRWKD","TOT","IDX2010","A","2009",94.782821,
"BGR","GDPHRWKD","TOT","IDX2010","A","2010",100,
"BGR","GDPHRWKD","TOT","IDX2010","A","2011",104.288151,
"BGR","GDPHRWKD","TOT","IDX2010","A","2012",106.940968,
"BGR","GDPHRWKD","TOT","IDX2010","A","2013",107.899531,
"BGR","GDPHRWKD","TOT","IDX2010","A","2014",109.540701,
"BGR","GDPHRWKD","TOT","IDX2010","A","2015",112.924714,
"BGR","GDPHRWKD","TOT","IDX2010","A","2016",116.848898,
"BGR","GDPHRWKD","TOT","IDX2010","A","2017",119.190027,
"BGR","GDPHRWKD","TOT","IDX2010","A","2018",122.893553,
"HRV","GDPHRWKD","TOT","IDX2010","A","2001",89.273569,
"HRV","GDPHRWKD","TOT","IDX2010","A","2002",93.140803,
"HRV","GDPHRWKD","TOT","IDX2010","A","2003",95.900487,
"HRV","GDPHRWKD","TOT","IDX2010","A","2004",98.727802,
"HRV","GDPHRWKD","TOT","IDX2010","A","2005",101.745491,
"HRV","GDPHRWKD","TOT","IDX2010","A","2006",103.317386,
"HRV","GDPHRWKD","TOT","IDX2010","A","2007",105.331744,
"HRV","GDPHRWKD","TOT","IDX2010","A","2008",105.145829,
"HRV","GDPHRWKD","TOT","IDX2010","A","2009",98.383875,
"HRV","GDPHRWKD","TOT","IDX2010","A","2010",100,
"HRV","GDPHRWKD","TOT","IDX2010","A","2011",103.796533,
"HRV","GDPHRWKD","TOT","IDX2010","A","2012",106.133923,
"HRV","GDPHRWKD","TOT","IDX2010","A","2013",109.256161,
"HRV","GDPHRWKD","TOT","IDX2010","A","2014",107.323302,
"HRV","GDPHRWKD","TOT","IDX2010","A","2015",112.347843,
"HRV","GDPHRWKD","TOT","IDX2010","A","2016",115.525749,
"HRV","GDPHRWKD","TOT","IDX2010","A","2017",117.050697,
"PER","GDPHRWKD","TOT","IDX2010","A","2007",86.377223,
"PER","GDPHRWKD","TOT","IDX2010","A","2008",93.104764,
"PER","GDPHRWKD","TOT","IDX2010","A","2009",93.185843,
"PER","GDPHRWKD","TOT","IDX2010","A","2010",100,
"PER","GDPHRWKD","TOT","IDX2010","A","2011",104.820822,
"PER","GDPHRWKD","TOT","IDX2010","A","2012",110.050144,
"PER","GDPHRWKD","TOT","IDX2010","A","2013",116.238016,
"PER","GDPHRWKD","TOT","IDX2010","A","2014",118.619541,
"ROU","GDPHRWKD","TOT","IDX2010","A","2001",60.02822,
"ROU","GDPHRWKD","TOT","IDX2010","A","2002",70.076004,
"ROU","GDPHRWKD","TOT","IDX2010","A","2003",72.926564,
"ROU","GDPHRWKD","TOT","IDX2010","A","2004",81.497144,
"ROU","GDPHRWKD","TOT","IDX2010","A","2005",86.2948,
"ROU","GDPHRWKD","TOT","IDX2010","A","2006",91.777789,
"ROU","GDPHRWKD","TOT","IDX2010","A","2007",97.595672,
"ROU","GDPHRWKD","TOT","IDX2010","A","2008",106.651048,
"ROU","GDPHRWKD","TOT","IDX2010","A","2009",103.37814,
"ROU","GDPHRWKD","TOT","IDX2010","A","2010",100,
"ROU","GDPHRWKD","TOT","IDX2010","A","2011",101.037916,
"ROU","GDPHRWKD","TOT","IDX2010","A","2012",113.268564,"B"
"ROU","GDPHRWKD","TOT","IDX2010","A","2013",118.620945,
"ROU","GDPHRWKD","TOT","IDX2010","A","2014",122.68625,
"ROU","GDPHRWKD","TOT","IDX2010","A","2015",129.559816,
"ROU","GDPHRWKD","TOT","IDX2010","A","2016",135.554555,
"ROU","GDPHRWKD","TOT","IDX2010","A","2017",141.196973,
"ROU","GDPHRWKD","TOT","IDX2010","A","2018",146.538997,
